9d44c7d7,Mummoth,Squashed commit of the following:,17 seconds ago
99798fcb,Mummoth,Squashed commit of the following:,Fri 10:10
2ec2e8e6,Mummoth,Squashed commit of the following:,Wed Apr 23 21:03
8a81ff80,Mummoth,Delete John_V0.3.1.zip,Wed Apr 23 20:58
c348445e,Mummoth,Merge branch 'MergeBranch',Wed Apr 23 16:29
2db1857f,Mummoth,Post Build Commit,Wed Apr 23 16:21
47bfcb82,Mummoth,Squashed commit of the following:,Wed Apr 23 16:08
4f97cc4f,Mummoth,Fixed GTG-385,Wed Apr 23 15:27
538ff8e7,GluetrapGames,Merge branch 'MergeBranch' of https://github.com/GluetrapGames/PointClick_Game into MergeBranch,Wed Apr 23 15:12
6bab1998,GluetrapGames,Merge branch 'UI-Hotfix' into MergeBranch,Wed Apr 23 15:12
7f005cc8,Mummoth,Quick Fix,Wed Apr 23 15:07
6f31dc30,Mummoth,Fixed GTG-498,Wed Apr 23 14:57
9a6ffd42,GluetrapGames,RAT NAMEPLATES,Wed Apr 23 14:52
8fd78079,Mummoth,Fixed the Dialogue Database Merge Conflict,Wed Apr 23 14:12
361f9571,Mummoth,Merge branch 'MergeBranch' of https://github.com/GluetrapGames/PointClick_Game into MergeBranch,Wed Apr 23 14:03
c726cbef,Mummoth,Merge branch 'PeterBugFixes' into MergeBranch,Wed Apr 23 14:03
aa172e3f,Mummoth,Merge branch 'PeterBugFixes' into MergeBranch,Wed Apr 23 14:02
4777e07b,Mummoth,Completed GTG-494,Wed Apr 23 13:57
a2f7e002,Mummoth,Fixed Issues.,Wed Apr 23 13:46
a2478a2c,Mummoth,Squashed commit of the following:,Wed Apr 23 12:50
dc1bfc97,Lewis Docherty,Dialogue db blab final fixes, wwise changes,Wed Apr 23 12:48
a599b250,weaseles,Rat Credits,Wed Apr 23 12:03
7669aa8f,Lewis Docherty,Dialogue blab fixes,Wed Apr 23 12:03
be571994,weaseles,Merge branch 'UI-Hotfix' of https://github.com/GluetrapGames/PointClick_Game into UI-Hotfix,Wed Apr 23 11:56
f4de6775,weaseles,John Logo,Wed Apr 23 11:56
ae5b0df9,weaseles,John Logo,Wed Apr 23 11:55
960fe7a6,Adam,dialogue var reset update,Tue Apr 22 22:53
29f03211,Adam,portrait fix,Tue Apr 22 19:18
92bfda02,Adam,Build safety check,Tue Apr 22 18:11
ec35d70c,Adam,Merge branch 'MergeBranch' of https://github.com/GluetrapGames/PointClick_Game into MergeBranch,Tue Apr 22 18:05
743e7ed0,Adam,cutscene completion,Tue Apr 22 18:05
f39e8859,Mummoth,Merge branch 'MergeBranch' of https://github.com/GluetrapGames/PointClick_Game into MergeBranch,Tue Apr 22 17:23
632b408a,Mummoth,Fixed Bug with Bed Ending.,Tue Apr 22 17:22
ecd055ac,Lewis Docherty,Merge branch 'Audio-NEW' into MergeBranch,Tue Apr 22 17:19
4020b250,Lewis Docherty,wwise changes,Tue Apr 22 17:18
d882c895,gianhel,Merge branch 'BetaControllerSupport' into MergeBranch,Tue Apr 22 17:15
8e37dbf8,gianhel,Fixes,Tue Apr 22 17:15
fab6dd6d,Mummoth,"Bedroom_Bed" Conversation Change,Tue Apr 22 17:07
852ecca8,Adam,Squashed commit of the following:,Tue Apr 22 17:04
ce1ca23e,Mummoth,Merge branch 'PeterBugFixes' into MergeBranch,Tue Apr 22 17:02
10d5ec41,Mummoth,Implemented GTG-480,Tue Apr 22 17:01
1deb6b9a,gianhel,Edited poems collisions,Tue Apr 22 16:57
c6a0a99e,gianhel,Merge branch 'BetaControllerSupport' into MergeBranch,Tue Apr 22 16:48
19731e43,gianhel,Re-added full controller support,Tue Apr 22 16:43
ded012de,Lewis Docherty,Merge branch 'Audio-NEW' into MergeBranch,Tue Apr 22 16:35
615450cf,Lewis Docherty,Blab Changes,Tue Apr 22 16:34
5fbeeb2b,Lewis Docherty,Tonal blabs final hopefully,Tue Apr 22 16:24
a8c6033a,Mummoth,Merge branch 'PeterBugFixes' into MergeBranch,Tue Apr 22 15:33
e345e742,Mummoth,Completed GTG-488,Tue Apr 22 15:33
53770b60,Lewis Docherty,Merge branch 'Audio-NEW' into MergeBranch,Tue Apr 22 15:17
d0f8a508,Lewis Docherty,Tonal blabs on dialogue db,Tue Apr 22 14:47
2f6761df,ELOISE SALT,credits art,Tue Apr 22 14:45
cfe3341c,ELOISE SALT,MAIN MENU LOGO,Tue Apr 22 14:41
2f4d79cc,LOUISE MACARTHUR,Kitchen, Albert, John,Tue Apr 22 14:35
b5ac929e,LOUISE MACARTHUR,Living Room and dining room Lighting,Tue Apr 22 14:20
4d24f4bd,Mummoth,Completed GT-476 & Added the Animated Judge in Courtroom Scene 4,Tue Apr 22 14:08
e9c45996,Lewis Docherty,Meta files,Tue Apr 22 13:10
ef61c8d6,Lewis Docherty,Merge branch 'Audio-NEW' into MergeBranch,Tue Apr 22 13:09
c37794fc,Lewis Docherty,Grandfather clock break sounds,Tue Apr 22 13:08
923b2344,Mummoth,Completed GTG-484,Tue Apr 22 12:56
642d5753,Mummoth,Progressed on GTG-484,Tue Apr 22 12:30
648b199f,Mummoth,Fixed GTG-393,Tue Apr 22 11:19
4f26e011,Mummoth,Fixed GTG-450,Tue Apr 22 10:54
c6195bb0,Mummoth,Fixed GTG-463,Tue Apr 22 09:43
307b00d9,Mummoth,Fixed GTG-399,Tue Apr 22 09:22
a6416a5f,Mummoth,Merge branch 'MergeBranch' into PeterBugFixes,Tue Apr 22 09:09
81a7dc3b,Mummoth,Squashed commit of the following:,Tue Apr 22 09:06
915564cf,Mummoth,Fixed Unity Editor Compiler Error,Mon Apr 21 19:09
2209b9f3,Mummoth,Squashed commit of the following:,Mon Apr 21 18:13
c845231d,Mummoth,Fixed GTG-472,Mon Apr 21 18:13
6cbcc257,Mummoth,Update GameManager.cs,Mon Apr 21 16:19
ee98a963,Mummoth,Fixed GTG-470,Mon Apr 21 15:40
6daa8f8e,Mummoth,Fixed GTG-466,Mon Apr 21 15:25
c08939a9,Lewis Docherty,Merge branch 'Audio' into MergeBranch,Mon Apr 21 13:34
12f95236,Lewis Docherty,Music State Switching,Mon Apr 21 12:57
7500ee76,Adam,beer animation fixed,Mon Apr 21 12:30
75ea1a00,Lewis Docherty,Merge branch 'MergeBranch' into Audio,Mon Apr 21 11:51
f874ccf4,Mummoth,Did Small Fixes,Sat Apr 19 13:04
99abf7da,Mummoth,Squashed commit of the following:,Sat Apr 19 12:10
99809799,Mummoth,Build FIxes,Fri Apr 18 15:38
37c3ac3f,Mummoth,Update AkWwiseProjectData.asset,Fri Apr 18 15:20
89e7913f,Mummoth,Merge branch 'MergeBranch' of https://github.com/GluetrapGames/PointClick_Game into MergeBranch,Fri Apr 18 15:20
131a7842,Mummoth,Fixed Bugs,Fri Apr 18 15:17
251023c2,gianhel,Merge branch 'MergeBranch' of https://github.com/GluetrapGames/PointClick_Game into MergeBranch,Fri Apr 18 14:56
79aa80e4,gianhel,Added dynamic background,Fri Apr 18 14:55
677eb681,GluetrapGames,adding the nameplates,Fri Apr 18 14:55
432adae5,gianhel,Merge branch 'RecordInteraction' into MergeBranch,Fri Apr 18 14:32
89b8f9ea,gianhel,Fixed scene transition colliders,Fri Apr 18 14:32
b6f58dd8,gianhel,Re-added sprite for keys,Fri Apr 18 14:27
2b68270c,Adam,Merge remote-tracking branch 'origin/RecordInteraction' into MergeBranch,Thu Apr 17 17:44
c6f45615,gianhel,Merge branch 'RecordInteraction' of https://github.com/GluetrapGames/PointClick_Game into RecordInteraction,Thu Apr 17 17:39
ce38f025,gianhel,Added BG,Thu Apr 17 17:38
1c5785e9,Adam,Merge branch 'DialogueV3' into MergeBranch,Thu Apr 17 17:30
e5e1712b,Adam,Adjusted john location at fridge,Thu Apr 17 17:29
8552807d,Lewis Docherty,Sounds,Thu Apr 17 17:25
cf5c2ba5,LOUISE MACARTHUR,Merge branch 'Lighting' into MergeBranch,Thu Apr 17 17:13
a080daf5,LOUISE MACARTHUR,Outside,Thu Apr 17 17:02
c803b05d,Adam,Squashed commit of the following:,Thu Apr 17 16:55
7f7c3b49,LOUISE MACARTHUR,Dining Room Lighting,Thu Apr 17 16:54
dc15507a,Adam,Merge branch 'DialogueV3' into MergeBranch,Thu Apr 17 16:54
79090ed8,Adam,John drinks beer,Thu Apr 17 16:52
79fe82c9,Mummoth,Added the "VisualEffectGraph" Package,Thu Apr 17 16:50
76b3a1f8,gianhel,Interaction won't start if record player is damaged,Thu Apr 17 16:47
d2e5680f,Mummoth,Tried to Add a Gradient Effect on the Highlight Shader,Thu Apr 17 16:45
5f4ae184,LOUISE MACARTHUR,Downstairs Bathroom,Thu Apr 17 16:39
bd974766,gianhel,Made record player unable to be interacted with if no record,Thu Apr 17 16:34
e557cd5b,LOUISE MACARTHUR,Living Room Lighting,Thu Apr 17 16:32
00e401f6,Mummoth,Update Highlight.cs,Thu Apr 17 16:11
aea72787,Mummoth,Updated the Highlight Colour,Thu Apr 17 16:06
30c4c639,Mummoth,Fixed the Logo Placement in the Main Menu,Thu Apr 17 16:04
7017596b,Mummoth,Merge branch 'MergeBranch' of https://github.com/GluetrapGames/PointClick_Game into MergeBranch,Thu Apr 17 15:59
24465701,Mummoth,Finished Setting Up the Graphics Menu,Thu Apr 17 15:58
02226e15,gianhel,Added Record Interaction - Needs audio implementation,Thu Apr 17 15:57
a7cf49f7,gianhel,Added record to living room + fixed drag and drop,Thu Apr 17 14:52
564fd856,Lewis Docherty,Merge branch 'Audio-NEW' into MergeBranch,Thu Apr 17 14:51
c8379039,LOUISE MACARTHUR,Merge branch 'Lighting' into MergeBranch,Thu Apr 17 14:50
ee0a1d60,LOUISE MACARTHUR,Kitchen Lighting,Thu Apr 17 14:48
ccaa62f5,Lewis Docherty,More bug fixes,Thu Apr 17 14:44
2ef0cb44,LOUISE MACARTHUR,Downstairs Hallway Lighting,Thu Apr 17 14:29
c30f1193,Lewis Docherty,Script cleanup,Thu Apr 17 14:11
1d5d34fe,Lewis Docherty,Dialogue backlog audio bug fixes,Thu Apr 17 13:59
a90f1f42,gianhel,Adjusted grid of every scene,Thu Apr 17 13:50
c5238882,Mummoth,Squashed commit of the following:,Thu Apr 17 13:19
96191072,gianhel,Did a thing,Thu Apr 17 13:17
a6e91fe6,Adam,added debbie anims,Thu Apr 17 12:52
17e22054,gianhel,Readded coins to living room and spare bedroom,Thu Apr 17 12:44
a5520737,gianhel,Merge branch 'MoneyPickups' into MergeBranch,Thu Apr 17 12:32
cca94e55,gianhel,Update SceneTransition.cs,Thu Apr 17 12:32
889262d0,LOUISE MACARTHUR,Upstairs Hallway Lighting,Thu Apr 17 12:31
3252d7aa,Lewis Docherty,Merge branch 'MergeBranch' into Audio-NEW,Thu Apr 17 12:25
3a4c952a,Adam,Merge branch 'DialogueV3' into MergeBranch,Thu Apr 17 12:24
1d795ee2,Adam,Updated audio sequencer,Thu Apr 17 12:24
8a8600e6,Lewis Docherty,Merge branch 'MergeBranch' into Audio-NEW,Thu Apr 17 12:16
23930dd5,Lewis Docherty,bank file deletion,Thu Apr 17 12:07
95948e8a,Lewis Docherty,Merge branch 'Audio' into Audio-MergeBranch,Thu Apr 17 12:07
fa8fdfde,Adam,Custom audio sequence,Thu Apr 17 11:53
a8b4cd13,LOUISE MACARTHUR,Merge branch 'MergeBranch' into Lighting,Thu Apr 17 11:52
18152bab,Mummoth,Squashed commit of the following:,Wed Apr 16 23:31
9e1b5e40,gianhel,Added money pickups & Added cooldown to locked room dialogue,Wed Apr 16 17:44
59e0803a,gianhel,Merge branch 'AidenBugFixes2' into MoneyPickups,Wed Apr 16 16:58
e1c898c9,Lewis Docherty,Removed Soundbanks,Wed Apr 16 16:46
68da2bdc,Lewis Docherty,Albert returning home sounds,Wed Apr 16 12:25
9713a87a,Lewis Docherty,Merge branch 'Audio' into MergeBranch,Tue Apr 15 16:49
a0a62e42,Lewis Docherty,Albert IS Home,Tue Apr 15 16:48
71e219fc,Adam,Debbie anim,Tue Apr 15 16:45
c0d31a43,gianhel,Money Meek System,Tue Apr 15 16:40
30e0123c,LOUISE MACARTHUR,Taxidermy Hallway Lighting,Tue Apr 15 16:39
8db6b8dc,Mummoth,Merge branch 'MergeBranch' of https://github.com/GluetrapGames/PointClick_Game into MergeBranch,Tue Apr 15 16:35
13141b17,Mummoth,Fixed Room Transition,Tue Apr 15 16:35
2dc70e60,Lewis Docherty,Merge branch 'MergeBranch' into Audio,Tue Apr 15 16:24
aca9df68,Lewis Docherty,albit,Tue Apr 15 16:19
c132202a,LOUISE MACARTHUR,Upstairs Hallway Lighting,Tue Apr 15 16:19
5065a2b8,Adam,Cheat code update,Tue Apr 15 16:17
70f53fbd,Adam,Merge branch 'MergeBranch' of https://github.com/GluetrapGames/PointClick_Game into MergeBranch,Tue Apr 15 16:09
35de0643,Adam,Updated cheat code,Tue Apr 15 16:08
eb8b445d,LOUISE MACARTHUR,Spare Bedroom Lighting,Tue Apr 15 15:51
e6c22269,Lewis Docherty,Merge branch 'MergeBranch' into Audio,Tue Apr 15 15:51
4ec40e9d,Mummoth,Fixed a Bug Where a Broken Object Would Still be Highlighted,Tue Apr 15 15:50
8f0f47e5,Mummoth,Merge branch 'MergeBranch' of https://github.com/GluetrapGames/PointClick_Game into MergeBranch,Tue Apr 15 15:47
29e0fc4f,Mummoth,Added a Shake Effect When Hitting Objects,Tue Apr 15 15:47
1771d0bb,Adam,Merge branch 'DialogueV3' into MergeBranch,Tue Apr 15 15:39
74cf3afd,Adam,Added armed attack anim,Tue Apr 15 15:38
0c3a8cf9,LOUISE MACARTHUR,Bedroom Lighting,Tue Apr 15 15:33
8b3ccd68,Adam,Added cheat codes,Tue Apr 15 15:25
fb716c31,Adam,Created a cheat code script,Tue Apr 15 15:17
14e1c45c,LOUISE MACARTHUR,Upstairs Bathroom Lighting,Tue Apr 15 15:17
25dba8ca,Mummoth,Added Textured Background,Tue Apr 15 15:13
9428791c,Adam,Added John drink anim,Tue Apr 15 15:02
565dbc2f,LOUISE MACARTHUR,Merge remote-tracking branch 'origin/RoomConvertToSprites' into Lighting,Tue Apr 15 14:56
67339004,LOUISE MACARTHUR,Taxidermy Room Lighting,Tue Apr 15 14:56
fa36df10,Mummoth,Finished Master Bedroom Conversation,Tue Apr 15 14:51
e3f6af57,Mummoth,Update Hallway1.unity,Tue Apr 15 14:48
3a2414e2,Mummoth,Finished Spare Bedroom Conversation,Tue Apr 15 14:47
899c7c99,Mummoth,Finished Upstairs Hallway Conversation,Tue Apr 15 14:42
695d59ad,Lewis Docherty,Merge branch 'MergeBranch' into Audio,Tue Apr 15 14:39
da18a8c1,Adam,Merge branch 'DialogueV3' into MergeBranch,Tue Apr 15 14:38
58cc8559,Mummoth,Finished Diningroom Conversation,Tue Apr 15 14:31
5b47e821,gianhel,Merge branch 'AidenBugFixes2' into RoomConvertToSprites,Tue Apr 15 14:29
c847cf77,Adam,Added drag and punch anim,Tue Apr 15 14:29
be9077db,Mummoth,Finished Downstairs Hallway Conversation,Tue Apr 15 14:18
89f8f504,Mummoth,Finished Outside Conversation,Tue Apr 15 14:16
ded05f32,Mummoth,Finished Livingroom Conversation,Tue Apr 15 14:05
3f99a244,Mummoth,Finished Kitchen Conversation,Tue Apr 15 13:57
26e1cbf1,Mummoth,Finished Downstairs Bathroom Conversation,Tue Apr 15 13:56
f99aa4e7,Mummoth,Finished Upstairs Bathroom Conversation,Tue Apr 15 13:55
0cd3225e,Lewis Docherty,Merge branch 'MergeBranch' into Audio,Tue Apr 15 13:47
bfa729cc,Mummoth,Finished Taxidermy Hallway Converstion,Tue Apr 15 13:28
e2c250b2,LOUISE MACARTHUR,Merge remote-tracking branch 'origin/RoomConvertToSprites' into Lighting,Tue Apr 15 13:26
61f82399,gianhel,Added locked doors and fixed breakable tallying,Tue Apr 15 13:26
e8b38a6e,LOUISE MACARTHUR,Johns Flat Lighting,Tue Apr 15 13:25
c37024d8,Mummoth,Finished Taxidermy Room Conversion,Tue Apr 15 13:21
f9ef2d28,Adam,Gave John an idle,Tue Apr 15 12:50
d4984ecd,Mummoth,Changed John's Flat to Sprites,Tue Apr 15 12:24
3b82277f,Lewis Docherty,Generated Banks,Tue Apr 15 11:53
5709069e,Lewis Docherty,Squashed commit of the following:,Tue Apr 15 11:31
2d348e34,Adam,Added dining room dialogue,Mon Apr 14 13:21
9d29d090,Adam,Added animations,Mon Apr 14 11:47
c00e9b21,Adam,Autoplay delay fixed,Sun Apr 13 21:47
dbe2c421,Lewis Docherty,Court ambience updates,Wed Apr 2 15:20
2a44a302,Lewis Docherty,Sound fix,Thu Mar 27 16:02
29d6ad0c,Adam,Merge branch 'MergeBranch' into DialogueV3,Thu Mar 27 15:55
3d42c7d0,Lewis Docherty,Merge branch 'Audio-MergeBranch' into PreAlphaMerge,Thu Mar 27 15:53
7517a131,gianhel,Update John's Flat.unity,Thu Mar 27 15:50
9ea2495e,gianhel,Merge branch 'DialogueV3' into PreAlphaMerge,Thu Mar 27 15:47
40a62320,Adam,change plant health,Thu Mar 27 15:45
19978b41,gianhel,Reimplemented unique room tracking,Thu Mar 27 15:36
6d5e7fba,Lewis Docherty,Merge branch 'MergeBranch' into Audio-MergeBranch,Thu Mar 27 15:24
37f71f23,Lewis Docherty,Journal open, flip and close sounds,Thu Mar 27 15:23
8a0333c5,gianhel,Fixed no transitions working expect flat,Thu Mar 27 15:21
4448d7e8,gianhel,Can no longer leave John's Flat before phonecall,Thu Mar 27 15:05
92eea450,gianhel,Removed diary from bedroom, made diary in TaxidermyRoom a dialogue interaction,Thu Mar 27 14:46
e5dda574,gianhel,Disabled dropping held item,Thu Mar 27 14:32
135535e4,gianhel,Fixed upstairs court scene replaying if player has already went upstairs,Thu Mar 27 14:30
84c0f915,Adam,Backlog and Taxidermy fix,Thu Mar 27 14:22
9f010289,gianhel,Fixed final courtscene soft lock + Fixed UI in John's Flat,Thu Mar 27 14:22
bebd8c99,Lewis Docherty,Adaptive music + John flat interaction bits,Thu Mar 27 14:19
fe5e9454,gianhel,Dining Room resize,Thu Mar 27 13:34
7385c613,gianhel,Reimplemented upstairs crowbar check,Thu Mar 27 12:23
cf04744e,Lewis Docherty,Merge branch 'MergeBranch' into Audio,Thu Mar 27 12:22
d8dbc31d,Lewis Docherty,Merge branch 'MergeBranch' into Audio,Thu Mar 27 12:13
25380b61,gianhel,Total picked up items now tracked,Thu Mar 27 12:08
16f3b083,gianhel,Fixed Non-Play once dialogues from infinitely looping,Thu Mar 27 12:03
57654b6a,Lewis Docherty,Interactive music,Thu Mar 27 11:54
923ad7be,adam,Removed the C word,Wed Mar 26 20:25
67c068a8,Mummoth,Merge branch 'TitleCards' into MergeBranch,Wed Mar 26 18:21
d06077f4,Mummoth,Added Title Cards to the Game,Wed Mar 26 18:19
39bbafa3,Lewis Docherty,Merge branch 'MergeBranch' into Audio-MergeBranch,Wed Mar 26 17:26
f951b9c2,Lewis Docherty,John's Flat Gameshow,Wed Mar 26 17:25
57b0d69e,Lewis Docherty,Interactable sounds and Music,Wed Mar 26 16:22
a4fc0fa2,Mummoth,Imported Title Cards,Wed Mar 26 15:08
3f72578c,Mummoth,Squashed commit of the following:,Wed Mar 26 15:02
5b79dae4,Mummoth,Update Bedroom.unity,Wed Mar 26 14:58
55acb44a,Mummoth,Brought-Back Persistent Breakables,Wed Mar 26 14:51
58c4abca,Mummoth,Fixed Player Movement during Conversation,Wed Mar 26 14:22
0a2643d7,Mummoth,Fixed the Phone Sound Issue,Wed Mar 26 13:37
027ea5f4,Mummoth,Updated Version,Wed Mar 26 13:14
c4a92738,Mummoth,Fixed Game Manager,Wed Mar 26 12:22
e0749c59,Mummoth,Compiler Fixes,Wed Mar 26 12:09
6f4e9647,Mummoth,Update ProjectSettings.asset,Tue Mar 25 18:34
0993a98f,Mummoth,Fixed Downstairs Hallway,Tue Mar 25 18:33
26c519e0,Lewis Docherty,Merge branch 'Audio-MergeBranch' into MergeBranch,Tue Mar 25 18:11
b29bf536,Mummoth,Merge branch 'DialogueInteractionChange' into MergeBranch,Tue Mar 25 18:05
01344518,Mummoth,Fixed GameManager,Tue Mar 25 18:04
d91f4cd4,gianhel,Merge branch 'DialogueV3' into MergeBranch,Tue Mar 25 17:57
157c2d72,Mummoth,Changed all Dialogue Interactions to have Highlighters,Tue Mar 25 17:53
6b710306,Adam,Jack dialogue fix,Tue Mar 25 17:50
e66935d5,gianhel,Readded DB Changes,Tue Mar 25 17:46
9772b9c9,Lewis Docherty,Added swing sound to break events,Tue Mar 25 17:43
0fd7670c,Adam,Merge branch 'DialogueV3' of https://github.com/GluetrapGames/PointClick_Game into DialogueV3,Tue Mar 25 17:40
1d95c964,Adam,Edited final courtscene and dialogue variables,Tue Mar 25 17:39
e05ad8c4,gianhel,Game playable start to finish,Tue Mar 25 17:37
292d761f,Lewis Docherty,Outside ambiance, Taxidermy room breakable fixes,Tue Mar 25 17:27
5b169679,Mummoth,Updated Dialogue Interactions In Master Bedroom,Tue Mar 25 16:56
039517bf,Lewis Docherty,Merge branch 'Audio' into Audio-MergeBranch,Tue Mar 25 16:33
d939248d,Lewis Docherty,Phone call audio, music fixes, other bits,Tue Mar 25 16:30
faf2efd1,Mummoth,added Collision Bounds Resizing,Tue Mar 25 16:13
2fc2ec45,gianhel,Merge branch 'DialogueV3' of https://github.com/GluetrapGames/PointClick_Game into DialogueV3,Tue Mar 25 16:05
edefa769,gianhel,Final tracking,Tue Mar 25 16:04
9e082460,Adam,Merge branch 'DialogueV3' of https://github.com/GluetrapGames/PointClick_Game into DialogueV3,Tue Mar 25 16:04
fbc292ce,Adam,conversation changes,Tue Mar 25 16:01
f2651dc2,Mummoth,Added Interaction Direction to Dialogue Interactions,Tue Mar 25 15:47
6f16efef,gianhel,Added various tracking for courtscene 3,Tue Mar 25 15:27
8afd594c,Mummoth,Completed HighlightComposite,Tue Mar 25 15:26
ea111ee0,Mummoth,Updated InteractiveDialogue Code,Tue Mar 25 14:49
d061e3aa,gianhel,Merge branch 'DialogueV3' of https://github.com/GluetrapGames/PointClick_Game into DialogueV3,Tue Mar 25 14:09
f515b399,gianhel,Merge branch 'StoryTracking' into DialogueV3,Tue Mar 25 14:09
e823fa04,Mummoth,Proper Room Entry Point Logic,Tue Mar 25 14:00
7382bcd8,Adam,More log button fixes,Tue Mar 25 13:55
f0cd57f1,Mummoth,Update EnumStates.cs,Tue Mar 25 13:09
fe397979,Mummoth,Updated .gitignore,Tue Mar 25 12:55
00b45c5e,Mummoth,Merge branch 'MergeBranch' of https://github.com/GluetrapGames/PointClick_Game into MergeBranch,Tue Mar 25 12:55
df740489,Mummoth,Updated the Outside Scene,Tue Mar 25 12:46
e12dafba,gianhel,Merge branch 'StoryTracking' into MergeBranch,Tue Mar 25 12:44
3f7cf77d,Adam,Mark animation and backlog,Tue Mar 25 12:35
9069ff9c,Lewis Docherty,New sounds and fixes,Tue Mar 25 12:13
6161349e,Lewis Docherty,Update .gitattributes,Tue Mar 25 12:00
57cbc411,Adam,merge from merge,Tue Mar 25 11:52
0b23cc35,Mummoth,Update ProjectSettings.asset,Mon Mar 24 20:26
eb12ba4a,Mummoth,Fixed the Court Scenes,Mon Mar 24 19:12
d87d2205,Lewis Docherty,Merge branch 'MergeBranch' of https://github.com/GluetrapGames/PointClick_Game into MergeBranch,Mon Mar 24 18:48
f08c5f41,Lewis Docherty,ambient sounds and music fixes,Mon Mar 24 18:48
e46c8a04,gianhel,Added outside,Mon Mar 24 18:09
8f5644f6,Adam,Merge branch 'DialogueV3' into MergeBranch,Mon Mar 24 17:40
257b295c,Adam,John flat addition,Mon Mar 24 17:38
fd32d661,Lewis Docherty,Scene transition audio,Mon Mar 24 17:10
7ad15e98,gianhel,Update John's Flat.unity,Mon Mar 24 16:04
75c9dd66,gianhel,John's Flat Scene,Mon Mar 24 15:58
c0b22e8b,Lewis Docherty,Merge branch 'MergeBranch' into Audio-MergeBranch,Mon Mar 24 15:55
ec845a06,Lewis Docherty,Reverb and living room clock,Mon Mar 24 15:54
f33cebc8,Adam,transition and dialogue changes,Mon Mar 24 15:34
d32a9239,Mummoth,Converted Some Objects into Dialogue Interactions,Mon Mar 24 15:24
a4072ed8,Mummoth,Updated Asset Import Settings,Mon Mar 24 15:04
31f243f8,Mummoth,Turned the "OnScreenButtons" Object into a Prefab,Mon Mar 24 14:04
728d5183,Mummoth,Fixed "Null Reference" Issue in the NameplateSwap Script.,Mon Mar 24 13:42
3d5eb970,Lewis Docherty,Merge branch 'MergeBranch' into Audio-MergeBranch,Mon Mar 24 12:13
f7cff050,Lewis Docherty,Sound fixes,Mon Mar 24 12:12
20087527,Adam,Flat and mark phone dialogue,Fri Mar 21 13:57
0d2da469,Lewis Docherty,Crowbar sound,Fri Mar 21 13:47
1ed5d583,Adam,court changes,Fri Mar 21 12:45
5a0f74b0,Lewis Docherty,Judge blab and pickups,Fri Mar 21 11:26
a83ced51,Adam,Merge branch 'MergeBranch' into DialogueV3,Fri Mar 21 10:59
e993aa53,Mummoth,Meta Files,Thu Mar 20 17:51
3c1bde6d,Mummoth,Merge branch 'Eloise-Bug-Fixes' into MergeBranch,Thu Mar 20 17:45
f8fd68fc,Mummoth,Updated Project Version,Thu Mar 20 17:44
bfbe0431,gianhel,Several bug fixes,Thu Mar 20 17:41
ff25a902,Lewis Docherty,Merge branch 'Audio' into MergeBranch,Thu Mar 20 17:33
225d48c3,Adam,Alert UI change,Thu Mar 20 17:31
8a61d465,Lewis Docherty,Court ambience IN!!,Thu Mar 20 17:29
8f60ec62,Adam,Squashed commit of the following:,Thu Mar 20 17:26
fb676807,Adam,Attempting to fix autoplay,Thu Mar 20 17:25
ca1f1161,gianhel,Livingroom built,Thu Mar 20 17:06
b96210d7,Lewis Docherty,Court ambiance wwise,Thu Mar 20 15:25
994084e2,GluetrapGames,spare bedroom backlog fix,Thu Mar 20 15:24
40fcd356,GluetrapGames,Adding on screen backlog button,Thu Mar 20 15:20
cd17adb0,GluetrapGames,downstairs hallway plants hp change to 3,Thu Mar 20 15:02
c38f4734,GluetrapGames,hallway alignment fix,Thu Mar 20 15:01
e6eacf40,GluetrapGames,Bin offset fix,Thu Mar 20 14:59
af8f5d02,GluetrapGames,Taxidermy Room Offset Fixes,Thu Mar 20 14:57
0ba9230e,GluetrapGames,Adding backlog button,Thu Mar 20 14:48
486b618e,GluetrapGames,NEW ON SCREEN PAUSE BUTTON,Thu Mar 20 12:27
18668799,GluetrapGames,PLANT HOVERING BUG FIX,Thu Mar 20 12:20
e4e488a3,Lewis Docherty,Unique Pickups,Thu Mar 20 12:12
afebd0f9,Lewis Docherty,Forgot to push Wwise changes whoops,Wed Mar 19 18:19
d436387e,Lewis Docherty,Bug fixes,Wed Mar 19 18:17
4fefd5da,Mummoth,Build Attempt,Wed Mar 19 16:06
a56c628c,Mummoth,Fixed PauseMenu & Related,Wed Mar 19 16:04
5e5993dd,Mummoth,Merge branch 'MergeBranch' of https://github.com/GluetrapGames/PointClick_Game into MergeBranch,Wed Mar 19 14:30
c3b93e6e,Lewis Docherty,Step Triggers, Music and footstep fixes,Wed Mar 19 14:10
bd9dd319,Mummoth,Merge branch 'Main-Menu-UI' into MergeBranch,Wed Mar 19 13:43
388537cd,Mummoth,Reconnected UI Elements to their Prefab,Wed Mar 19 13:41
70d15ec2,Lewis Docherty,Merge branch 'MergeBranch' of https://github.com/GluetrapGames/PointClick_Game into MergeBranch,Wed Mar 19 13:12
064407c0,Mummoth,Deleted "Breakable_Outline_Mat" Material,Wed Mar 19 13:07
2c0155e5,Mummoth,Merge branch 'ItemHighlighting' into MergeBranch,Wed Mar 19 13:05
054ac3ba,Lewis Docherty,Merge branch 'Audio' into Audio-MergeBranch,Wed Mar 19 10:25
93f81a8b,Lewis Docherty,Music and Ambience FIXED!!!,Tue Mar 18 17:54
a274dc92,Mummoth,Added Highlighting Logic,Tue Mar 18 17:31
30442119,Adam,updates,Tue Mar 18 17:16
c137beed,gianhel,Added storing of every item collected to Dialogue database,Tue Mar 18 17:15
ce6d4d76,GluetrapGames,ui,Tue Mar 18 16:34
ff8f56a7,GluetrapGames,controller stuff,Tue Mar 18 16:27
34306aac,gianhel,Tracking of pickups,Tue Mar 18 15:48
26a2df1f,Adam,Dialogue update,Tue Mar 18 15:47
b0e4aa6e,GluetrapGames,button changes,Tue Mar 18 15:43
20a83e65,Adam,Dialogue updates,Tue Mar 18 15:29
f459052c,GluetrapGames,UI TWEAKS,Tue Mar 18 14:59
c451486a,GluetrapGames,controller settings,Tue Mar 18 14:13
b4c9d0dd,GluetrapGames,pause changes,Tue Mar 18 14:02
661fed78,gianhel,Fixed merge conflicts,Tue Mar 18 13:52
9b994e29,Mummoth,Removed Visual Scripting Plugin,Tue Mar 18 13:50
9696a62a,Lewis Docherty,Music and Ambient scripts,Tue Mar 18 13:50
1e1e8866,Adam,Added court scene 2 dialogue,Tue Mar 18 13:44
c3327964,GluetrapGames,pause menu,Tue Mar 18 13:36
7f23e01f,Lewis Docherty,House ambience,Tue Mar 18 13:23
80ac1851,GluetrapGames,graphics stuff,Tue Mar 18 12:27
8610d7f2,Mummoth,Merge branch 'SceneTransitionFix' into MergeBranch,Tue Mar 18 12:08
4a3d38f7,Mummoth,Fixed Bug,Tue Mar 18 12:06
67d0054e,GluetrapGames,tts checkbox,Tue Mar 18 12:00
a9ee3a89,Mummoth,Squashed commit of the following:,Tue Mar 18 11:40
bf0587b9,GluetrapGames,beer part 2,Tue Mar 18 11:40
b0cf1ad4,Mummoth,Plugin Changes,Tue Mar 18 11:39
955f5385,GluetrapGames,adding beer,Tue Mar 18 10:39
ae4a0164,weaseles,slider art changes,Mon Mar 17 15:53
f92bcdf9,Adam,Nameplate addition,Mon Mar 17 14:52
02db7b93,Adam,Merge branch 'MergeBranch' into DialogueV3,Mon Mar 17 13:45
7b82d0e2,Lewis Docherty,HouseMusic.cs comments,Mon Mar 17 12:33
be4baab4,Lewis Docherty,blab, music, footstep changes,Mon Mar 17 12:06
2019e2cb,Lewis Docherty,Merge branch 'MergeBranch' into Audio,Mon Mar 17 11:51
cee25357,Mummoth,Squashed commit of the following:,Fri Mar 14 02:44
dc041048,Mummoth,Fixed Room Transitions,Thu Mar 13 16:22
9f18043b,Adam,more fixes,Thu Mar 13 15:41
54ac8bcd,Adam,Merge branch 'MergeBranch' of https://github.com/GluetrapGames/PointClick_Game into MergeBranch,Thu Mar 13 15:34
9c8323d5,Adam,more fixes,Thu Mar 13 15:34
10f9eb48,Mummoth,Fixed Music Not Playing,Thu Mar 13 15:06
cc9c4602,Adam,Merge branch 'MergeBranch' of https://github.com/GluetrapGames/PointClick_Game into MergeBranch,Thu Mar 13 14:57
8dc7f914,Mummoth,Updated Meta Files,Thu Mar 13 14:56
37b630d0,Adam,itty bitty bug fixin,Thu Mar 13 14:55
b3c84496,Mummoth,Merge branch 'Main-Menu-UI' into MergeBranch,Thu Mar 13 14:54
33f1b029,Mummoth,HotFixes,Thu Mar 13 14:49
8b13ecb3,Adam,.,Thu Mar 13 14:30
5d0dffcd,GluetrapGames,MAIN MENU DESIGN,Thu Mar 13 14:21
191b8bfe,Adam,Dialogue entry fix,Thu Mar 13 14:16
36392014,Adam,.,Thu Mar 13 14:05
8af00303,Mummoth,Updated Scene Transitions,Thu Mar 13 14:05
368c0567,Mummoth,Merge branch 'DownstairsHallway' into MergeBranch,Thu Mar 13 14:00
a6dbb97d,Lewis Docherty,Music transition test menu,Thu Mar 13 13:59
8f1f26ac,Mummoth,Updated Scenes,Thu Mar 13 13:59
664f72c9,GluetrapGames,font stuff,Thu Mar 13 13:48
ff8b062b,Lewis Docherty,Tile footsteps,Thu Mar 13 13:38
d4ca739b,Mummoth,Fixed Dialogue Manager UI,Thu Mar 13 13:24
d6a95aca,Mummoth,Merge branch 'MergeBranch' of https://github.com/GluetrapGames/PointClick_Game into MergeBranch,Thu Mar 13 13:05
38293dc4,GluetrapGames,audio changes,Thu Mar 13 13:05
73447cf9,Lewis Docherty,Taxidermy Hallway and break sounds,Thu Mar 13 13:03
69b65940,Mummoth,Merge branch 'Main-Menu-UI' into MergeBranch,Thu Mar 13 12:58
8b22e861,Adam,animation touch up,Thu Mar 13 12:56
08e6f315,GluetrapGames,menu stuff,Thu Mar 13 12:48
080aebc9,Adam,Merge branch 'SceneryDialogue' into MergeBranch,Thu Mar 13 12:40
55b69451,GluetrapGames,UI Dialogue Resize,Thu Mar 13 12:38
a871138b,Adam,Dialogue Complete,Thu Mar 13 12:35
792691e7,Mummoth,Fixed Inventory Canvas Being Open on Awake,Thu Mar 13 12:34
53c41dd0,Mummoth,Merge branch 'MergeBranch' into Main-Menu-UI,Thu Mar 13 12:24
e566839b,GluetrapGames,adding assets,Thu Mar 13 12:22
949a3576,Mummoth,Updated Dialogue UI Button Transform,Thu Mar 13 12:21
a7159840,Lewis Docherty,Interact pop-up fix,Thu Mar 13 12:17
e50971f7,GluetrapGames,Lines and Buttons,Thu Mar 13 12:13
87e4a41b,Lewis Docherty,Downstairs scene transitions,Thu Mar 13 12:06
e8f520c3,Mummoth,Merge branch 'DialogueV3' into PetersRecoveringWork,Thu Mar 13 11:55
58bd9ce1,Mummoth,Updated Scene Template,Thu Mar 13 11:52
3cdbcd15,GluetrapGames,sprite animation change,Thu Mar 13 11:44
47eaf485,GluetrapGames,Button Highlight,Thu Mar 13 11:24
64abaeb3,Adam,.,Thu Mar 13 11:11
853296c9,Lewis Docherty,Room navmesh and footstep triggers,Thu Mar 13 11:04
29d36762,GluetrapGames,controller lines,Thu Mar 13 11:03
c27c8daa,Lewis Docherty,meta files xd,Thu Mar 13 10:44
bc067cf5,Lewis Docherty,Merge remote-tracking branch 'origin/Eloise-Updates-For-Aiden-Recovery' into DownstairsHallway,Thu Mar 13 10:43
09f954e0,GluetrapGames,M&K Words,Wed Mar 12 21:30
07cf731b,Adam,Scenery dialogue,Wed Mar 12 19:34
9e1fb85e,Mummoth,Random Fixes,Wed Mar 12 18:59
139f085b,Mummoth,Added a Function to find the GameManager,Wed Mar 12 18:43
b5788d8c,Lewis Docherty,Downstairs Bathroom,Wed Mar 12 18:30
04490a97,Mummoth,Fixed Scene Transition Bug,Wed Mar 12 18:13
4e62b9c1,GluetrapGames,added new controller image,Wed Mar 12 17:48
fc7bcc70,GluetrapGames,Controller Control Words,Wed Mar 12 17:01
852c27d9,Lewis Docherty,Dining Room and Breakables,Wed Mar 12 16:41
8e6c548c,GluetrapGames,Button Update,Wed Mar 12 16:21
d30dc9cf,Mummoth,Fixed Issues,Wed Mar 12 16:16
514ef592,GluetrapGames,Changing settings buttons,Wed Mar 12 16:00
d3d3cf80,Mummoth,Hotfixes,Wed Mar 12 15:52
3b9ea5ec,Lewis Docherty,Initial house music implementation,Wed Mar 12 15:52
7425f311,Mummoth,Updated Dropping Item & End Game Tracker Logic,Wed Mar 12 15:14
75a42e71,Lewis Docherty,Kitchen breakables + Wwise changes,Wed Mar 12 13:42
c84e0560,Lewis Docherty,Hallway Breakables,Wed Mar 12 13:31
d193d2d8,weaseles,Upstairs Hallway,Wed Mar 12 12:57
66238f9a,weaseles,UI POP UPS PLANTS,Wed Mar 12 12:38
332ac78c,weaseles,Upstairs Artwork Added in,Wed Mar 12 12:24
237feec2,Lewis Docherty,Minor updates,Wed Mar 12 12:09
a477eba7,Lewis Docherty,Downstairs Hallway and Kitchen,Wed Mar 12 11:00
a1889df2,Adam,Dialogue UI changes,Tue Mar 11 18:43
ada3ca43,Mummoth,Merge branch 'master' of https://github.com/GluetrapGames/PointClick_Game,Tue Mar 11 18:32
9902721c,Mummoth,Fixed DialogueV3 Branch Merge Issues,Tue Mar 11 18:29
cdfe8a0f,Mummoth,Brought Back the Rooms,Tue Mar 11 18:11
720b18e3,gianhel,Taxidermy room + New popups,Tue Mar 11 17:57
2ec2803a,Mummoth,Merge branch 'MergeBranch' of https://github.com/GluetrapGames/PointClick_Game into MergeBranch,Tue Mar 11 17:54
d806f524,Mummoth,Updated Drop Item Logic & Persistent Systems,Tue Mar 11 17:53
cbb27dc2,Adam,Squashed commit of the following:,Tue Mar 11 17:25
d5c6ba74,Adam,Merge branch 'MergeBranch' of https://github.com/GluetrapGames/PointClick_Game into MergeBranch,Tue Mar 11 17:21
9f5a22ba,Adam,Dialogue conversation update,Tue Mar 11 17:20
65c531c2,Mummoth,Update AkWwiseProjectData.asset,Tue Mar 11 16:52
c665fc8c,Mummoth,Merge branch 'MergeBranch' of https://github.com/GluetrapGames/PointClick_Game into MergeBranch,Tue Mar 11 16:52
58190631,Mummoth,Fixed DialogueV3 Branch Merge Issues,Tue Mar 11 16:50
b1719e2d,Mummoth,Merge branch 'DialogueV3' into MergeBranch,Tue Mar 11 15:44
674ab5c8,Lewis Docherty,Wwise updates,Tue Mar 11 15:31
4752cb01,gianhel,Hallway refinement,Tue Mar 11 14:45
40b53443,gianhel,Dropped item bug fixes,Tue Mar 11 14:26
3e1773d7,Adam,scenery dialogue  events,Tue Mar 11 13:50
c6123cb0,gianhel,Merge branch 'ItemDropping' into MergeBranch,Tue Mar 11 13:36
950a1ba8,gianhel,Added item dropping,Tue Mar 11 13:36
07713ddc,Mummoth,Updated the PickUpScript,Tue Mar 11 12:03
6341fc65,Lewis Docherty,Wwise music transition stuff,Mon Mar 10 19:30
2fcf8891,Lewis Docherty,Initial music implementation,Mon Mar 10 18:40
c4873701,Adam,Typewriter example,Mon Mar 10 18:03
7aa1f7cb,Adam,couple fixes,Mon Mar 10 17:58
95e70a49,Lewis Docherty,Sound file changes,Mon Mar 10 16:24
79461b19,Lewis Docherty,Wwise Blabs re-do,Mon Mar 10 16:03
2d0cf06a,Adam,brown box,Mon Mar 10 14:51
626205b0,Lewis Docherty,Wwise sounds,Fri Mar 7 15:26
c07b6f71,Adam,Animation fixes,Fri Mar 7 11:36
7768bff1,Adam,Squashed commit of the following:,Fri Mar 7 10:10
c3cbecac,Adam,squash and merge,Fri Mar 7 10:08
ba6b21fa,Adam,Other dialogue bug fixes,Thu Mar 6 20:39
d39b957e,Adam,quick dialogue change,Thu Mar 6 20:07
039bd0c0,Adam,Big changes,Thu Mar 6 17:26
7ae8d537,Lewis Docherty,Merge branch 'MergeBranch' of https://github.com/GluetrapGames/PointClick_Game into MergeBranch,Thu Mar 6 16:53
58f17ea1,Lewis Docherty,Footstep switches,Thu Mar 6 16:52
d4307eb9,Mummoth,Some Changes,Thu Mar 6 16:50
4c93f2b4,Mummoth,Fixed Scene Transition Issue,Thu Mar 6 16:33
787ab2bd,Mummoth,Merge branch 'UpdatedShaders' into MergeBranch,Thu Mar 6 16:31
8dc6023c,Mummoth,Added a Sprite Outline Shader,Thu Mar 6 16:29
808edae7,Mummoth,Squashed commit of the following:,Thu Mar 6 15:08
0661e060,Mummoth,Fixed John Visuals,Thu Mar 6 15:04
515f0a6c,Mummoth,Updated Hallway,Thu Mar 6 15:01
fd851a8c,Mummoth,Merge branch 'RefactoringProject' into MergeBranch,Thu Mar 6 14:56
d764692c,Mummoth,Updated Project,Thu Mar 6 14:54
67620cc3,Lewis Docherty,Blab changes + script cleanup,Wed Mar 5 15:48
28831d8a,Lewis Docherty,Moving Blabs to Wwise,Wed Mar 5 12:28
bb9b5739,Adam,Database cleanup,Tue Mar 4 20:37
206fa02f,Mummoth,Converted all string types into Enums,Tue Mar 4 18:59
8374f370,Mummoth,Created my own "ProgressBarAttribute",Tue Mar 4 17:58
6f53f6d6,Adam,dialogue actors reassignment,Tue Mar 4 16:49
379ec514,Adam,build fix,Tue Mar 4 16:43
8fd9cdc6,Adam,merge fixes,Tue Mar 4 16:26
86055bf9,Adam,Merge branch 'MergeBranch' of https://github.com/GluetrapGames/PointClick_Game into MergeBranch,Tue Mar 4 16:14
71e39940,Adam,Merge branch 'DialogueV3' into MergeBranch,Tue Mar 4 16:13
eedd363d,gianhel,Adjusted hallway wall,Tue Mar 4 16:12
a00e77c8,Adam,subtitle layout fix,Tue Mar 4 16:00
02eafcf0,Adam,Bug fixes,Tue Mar 4 15:47
2d51dfb3,Mummoth,Fixed Persistent Systems bug in Non-Gameplay Scenes,Tue Mar 4 15:36
5580335a,gianhel,Fixed Albert conversation not going to ending courtscene,Tue Mar 4 15:31
983975be,gianhel,Adjusted hallway, fixed pausing whilst in dialogue,Tue Mar 4 15:08
dd1bfa74,Mummoth,Fixed Up the Inventory,Tue Mar 4 14:18
a8f90c19,Lewis Docherty,Other room slider sounds,Tue Mar 4 13:05
11c32709,Lewis Docherty,Hallway options sliders,Tue Mar 4 13:00
0b0a66f3,Mummoth,Merge branch 'MergeBranch' of https://github.com/GluetrapGames/PointClick_Game into MergeBranch,Tue Mar 4 12:53
97091cae,Mummoth,FIxed Scenes,Tue Mar 4 12:53
1e055e0e,Lewis Docherty,Audio slider sounds (Unfinished),Tue Mar 4 12:45
26ecc762,Mummoth,Updated Player in other scenes and Fixed Albert Patterns,Tue Mar 4 12:33
ceb3f0d5,Adam,.,Tue Mar 4 12:04
c7c1392f,Mummoth,Merge branch 'UpdatedShaders' into MergeBranch,Tue Mar 4 11:52
1a05814e,Mummoth,Update GameManager.cs,Mon Mar 3 15:47
afcf4fa9,Mummoth,Refactored Script References,Mon Mar 3 15:23
b93933e0,Adam,Merge and Animations,Mon Mar 3 11:20
d34fa94c,Adam,Squashed commit of the following:,Mon Mar 3 10:11
957a6832,Mummoth,Reworked System Persistence,Sun Mar 2 17:55
9f67cfe9,Mummoth,Update Hallway1.unity,Sun Mar 2 15:29
bda7efac,Mummoth,Added Player Animations,Sun Mar 2 15:28
8018b908,Mummoth,Fixed Some Import Issues and Updated the Dialogue Database,Fri Feb 28 13:08
6b832260,Mummoth,Meta Data Updates,Fri Feb 28 12:32
f42cca8a,Mummoth,Merge branch 'AlbertNPC' into MergeBranch,Fri Feb 28 12:15
296dd56c,Mummoth,Update .gitignore,Fri Feb 28 12:11
8f2f1fab,Adam,Albert dialogue continued,Thu Feb 27 21:12
dfef83cc,Adam,Albert dialogue,Thu Feb 27 17:27
9c08b3c2,Mummoth,Got Albert to Spawn on Game Completion,Thu Feb 27 16:49
b87c8eee,Adam,Added Journal,Thu Feb 27 16:27
e96e13c1,Mummoth,Squashed commit of the following:,Thu Feb 27 16:09
a1206914,Mummoth,Build Settings,Thu Feb 27 15:26
f8ba0f51,Adam,final push,Thu Feb 27 15:07
174ff7d4,Adam,Merge branch 'DialogueV3' into MergeBranch,Thu Feb 27 14:40
f593eb1c,Adam,dialogue finished for test,Thu Feb 27 14:36
7a7422ab,Mummoth,Added End Game Trigger,Thu Feb 27 14:33
9573804e,Adam,Item dialogue,Thu Feb 27 13:33
fa95db75,Lewis Docherty,Menu music bug fix,Thu Feb 27 12:03
66f5f303,Mummoth,Merge branch 'DialogueV3' of https://github.com/GluetrapGames/PointClick_Game into DialogueV3,Thu Feb 27 11:53
7fd173f9,Mummoth,Intact Dialogue Manager,Thu Feb 27 11:51
a903c3f6,Adam,.,Thu Feb 27 11:49
c4fc8940,Adam,Script implementation,Thu Feb 27 00:55
6d01cfc7,Mummoth,Fixed Build Errors,Wed Feb 26 19:53
38311293,gianhel,Changed item names,Wed Feb 26 19:31
f0dbbc22,gianhel,Fixed bathroom breakable items,Wed Feb 26 19:20
42462235,Mummoth,Merge branch 'PersistentInventory' into MergeBranch,Wed Feb 26 19:06
6b1e2f72,Adam,conflicts,Wed Feb 26 18:58
79b7e3b6,Mummoth,Created a Inventory Manager,Wed Feb 26 18:55
c5773802,Adam,UI Overhaul,Tue Feb 25 16:29
d975f8eb,Adam,Animated Sprites,Mon Feb 24 15:19
855d9597,Adam,animated portrait,Fri Feb 21 15:57
d4d68e86,GluetrapGames,Working Blabs,Thu Feb 20 17:00
74e24347,AdamMc1105,Blab controller,Tue Feb 18 17:42
0c79b7b0,AdamMc1105,Squashed commit of the following:,Tue Feb 18 12:26
2eefc2a3,gianhel,Re-added breaking sounds to hallway,Wed Feb 26 17:54
38c9ac2c,gianhel,Created scene change script for dialogue OnConversationEnd,Wed Feb 26 17:49
1bb09543,gianhel,Re-added footsteps to Hallway1,Wed Feb 26 17:36
ed1cbc01,gianhel,Merge branch 'MergeBranch' of https://github.com/GluetrapGames/PointClick_Game into MergeBranch,Wed Feb 26 17:35
ea19eace,gianhel,New popups,Wed Feb 26 17:33
24c78c82,Lewis Docherty,Menu music fix,Wed Feb 26 15:49
c06baf72,Lewis Docherty,Bathroom and hallway breakables,Wed Feb 26 15:43
4c52bb65,Lewis Docherty,Bedroom breakable,Wed Feb 26 15:40
2ed977eb,Mummoth,Merge branch 'MergeBranch' of https://github.com/GluetrapGames/PointClick_Game into MergeBranch,Wed Feb 26 15:15
72c40623,Mummoth,Fixed Wwise Footstep Issue,Wed Feb 26 15:14
37ad29c4,gianhel,Merge branch 'MergeBranch' of https://github.com/GluetrapGames/PointClick_Game into MergeBranch,Wed Feb 26 15:14
5ddec499,gianhel,Added crossfade for main menu,Wed Feb 26 15:14
827ebd65,Mummoth,Fixed Footsteps Sound Crash,Wed Feb 26 15:06
ffabcd86,gianhel,Re-added variables to pickups,Wed Feb 26 15:03
8a1e0d23,gianhel,Merge branch 'NewDestructableItems' into MergeBranch,Wed Feb 26 14:57
a1750253,gianhel,Added items to each room,Wed Feb 26 14:54
257ed76f,gianhel,Bathroom implemented, began adding items,Wed Feb 26 14:14
99a99204,Mummoth,Fixed Footsteps Audio Bug,Wed Feb 26 13:47
e5ffa94d,Mummoth,Updated Game Scene,Wed Feb 26 13:24
5c7cd4ab,Mummoth,Merge branch 'MovementFix' into MergeBranch,Wed Feb 26 13:18
e6b3fb3d,Lewis Docherty,Script updates,Wed Feb 26 12:50
a352f46d,Mummoth,Fixed Irrational Player Speed Bug,Wed Feb 26 12:24
52ccf152,Mummoth,Created a Dialogue Audio Tool,Wed Feb 26 10:59
cf745122,Lewis Docherty,More footstep stuff,Tue Feb 25 17:40
5c73085e,gianhel,Added John with walk cycle,Tue Feb 25 17:25
3c7b114d,Lewis Docherty,Walk sounds,Tue Feb 25 16:32
bf7560b8,gianhel,Added door indicators and adjusted player start locations,Tue Feb 25 16:24
c3efdfcf,gianhel,Scene transitions,Tue Feb 25 16:01
cddfc0b1,gianhel,Game Scenes built, working on scene transistions,Tue Feb 25 15:31
9353f622,Lewis Docherty,Taxidermy sounds,Tue Feb 25 13:08
145a3aa2,Lewis Docherty,Sound changes,Tue Feb 25 12:20
ef42a74d,Lewis Docherty,Material switch script setup,Tue Feb 25 10:48
0b4e425e,Mummoth,Added Plugins,Tue Feb 25 01:21
7e58f0d5,Lewis Docherty,Material breaks test,Fri Feb 21 16:52
4edc7648,gianhel,Update Bedroom.unity,Thu Feb 20 16:42
0bc08169,gianhel,Implemented bedroom scene along - assets need to be swapped,Thu Feb 20 16:41
52abdbf9,gianhel,New inventory assets implemented,Thu Feb 20 15:16
f95673e4,Lewis Docherty,Menu Music,Wed Feb 19 12:36
3630a2cb,gianhel,New destructable objects, along with working interaction UI,Tue Feb 18 14:50
3099c602,Mummoth,Updated Pattern Shader to Support 2 Patterns,Tue Feb 18 13:55
cfb1bcd4,Lewis Docherty,Pickup sound fix + volume boost,Tue Feb 18 12:50
a01aefbf,GluetrapGames,Blab test,Mon Feb 17 17:30
a037d8fa,GluetrapGames,Interactable Script,Mon Feb 17 16:22
10c8001b,AdamMc1105,Dialogue no longer shows inventory canvas after pause,Thu Feb 13 15:03
644124d9,gianhel,Merge branch 'MergeBranch' of https://github.com/GluetrapGames/PointClick_Game into MergeBranch,Thu Feb 13 14:27
d5d8f0ce,gianhel,Fixed inventory drag & drop cancelling on pause,Thu Feb 13 14:27
c270925f,AdamMc1105,Bug fixes,Thu Feb 13 14:21
7745167a,gianhel,Fixed inventory not showing after conversation ends,Wed Feb 12 20:49
e877a43c,Mummoth,Added Temp Game Icons,Wed Feb 12 19:23
9fe5210a,Mummoth,Clean Up for the Build,Wed Feb 12 18:28
976ec652,Lewis Docherty,Dialogue ui sounds and pickup,Wed Feb 12 17:50
b63e93e4,gianhel,Update Game.unity,Wed Feb 12 16:57
85f617e7,gianhel,Fixed turning on autoplay, then restarting convo disabling controller selection,Wed Feb 12 16:30
ad0e23e4,gianhel,Fixed pause menu,Wed Feb 12 16:06
068e435a,gianhel,Disabled inventory debug buttons,Wed Feb 12 15:46
bd180e24,gianhel,Update Game.unity,Wed Feb 12 15:20
bb456292,gianhel,Changed PP settings, fixed issues that showed up post merge,Wed Feb 12 15:17
7dd87b61,gianhel,Merge branch 'MergeBranch' of https://github.com/GluetrapGames/PointClick_Game into MergeBranch,Wed Feb 12 15:10
3c28e3e5,gianhel,Added timestop to entering inventory, deprecated OpenInvScript and added its functionality to the controller support script,Wed Feb 12 15:09
2d78b790,Lewis Docherty,Pause menu UI sounds,Wed Feb 12 15:04
33c4dc60,gianhel,Fixed bug with test dialogue,Wed Feb 12 14:10
12af04a1,GluetrapGames,General fixes and Conversation Update,Tue Feb 11 22:34
9241772e,Lewis Docherty,Wwise .gitignore,Tue Feb 11 20:14
9476ab05,Lewis Docherty,Merge branch 'MergeBranch' of https://github.com/GluetrapGames/PointClick_Game into MergeBranch,Tue Feb 11 19:34
98d3d2cb,Lewis Docherty,Menu UI and volume sliders,Tue Feb 11 19:34
0482be49,gianhel,Bug Fix,Tue Feb 11 19:11
e6b6f361,gianhel,Added controller support for breakable items, updated controls panel,Tue Feb 11 18:18
cc108817,gianhel,Added icons for inventory items along with temp world models,Tue Feb 11 17:52
00e45e66,AdamMc1105,Test scene improvements,Tue Feb 11 16:27
cf457ae2,Mummoth,Merge branch 'MergeBranch' of https://github.com/GluetrapGames/PointClick_Game into MergeBranch,Tue Feb 11 15:42
c7fcdff9,Mummoth,Commit Cleanup,Tue Feb 11 15:41
c98cdda7,AdamMc1105,Merge branch 'MergeBranch' of https://github.com/GluetrapGames/PointClick_Game into MergeBranch,Tue Feb 11 15:40
0279816c,AdamMc1105,New dialogue database,Tue Feb 11 15:40
1ec6e169,Mummoth,Merge branch 'RevamppedMovement' into MergeBranch,Tue Feb 11 15:32
860dcb56,Mummoth,Updated Game Scene,Tue Feb 11 15:30
5c364f25,Mummoth,Removed Dups,Tue Feb 11 15:30
f8c05db4,Mummoth,Item Pickup & Inventory System Compatibility,Tue Feb 11 15:26
e9cd55ba,gianhel,Merge branch 'InventoryPickupBranch' into MergeBranch,Tue Feb 11 15:24
8562e084,gianhel,Merge branch 'DestructionBranch' into MergeBranch,Tue Feb 11 15:17
8ec6aa59,gianhel,Breakable Items,Tue Feb 11 15:16
897d171b,AdamMc1105,Mechanic Party Level,Tue Feb 11 14:16
7d2bb660,gianhel,Fixed clicking inventory background not swapping inventory button sprite,Tue Feb 11 14:06
0dafc349,gianhel,Implemented UI Art,Tue Feb 11 14:02
dcc4b8aa,Mummoth,Update Game.unity,Tue Feb 11 12:32
8a39b080,Mummoth,Updated Game Scene,Tue Feb 11 12:32
9d9765d4,Mummoth,Merge branch 'RevamppedMovement' into MergeBranch,Tue Feb 11 12:13
f4da02b6,Mummoth,Added Controller Support to Item Pickup,Mon Feb 10 18:40
ec7a4e7e,Mummoth,Update NewMovement.unity,Mon Feb 10 17:44
a675827b,Mummoth,Improved Ground Item Pickup,Mon Feb 10 17:44
10a8552a,Mummoth,Updated Game Scene,Mon Feb 10 17:13
1e1008a9,Mummoth,Update level_design_prototype_no_details.png.meta,Mon Feb 10 17:13
fc96d0e3,Mummoth,Merge remote-tracking branch 'origin/DialogueV2' into MergeBranch,Mon Feb 10 17:12
35cfa50f,Mummoth,Refactored Obstacle Avoidance,Mon Feb 10 16:41
2117cda9,GluetrapGames,UI and Map layout,Mon Feb 10 16:06
b9480ed4,GluetrapGames,Controller check,Sat Feb 8 16:52
79a6be97,GluetrapGames,minor tweaks,Sat Feb 8 16:17
1c28508a,GluetrapGames,big dialogue change,Fri Feb 7 16:48
c7812d14,Mummoth,Refactored GridMovement,Fri Feb 7 15:25
1564c9e7,Lewis Docherty,Basic menu UI sounds,Fri Feb 7 15:16
14787d99,Mummoth,Cleaning Up the Merge,Fri Feb 7 12:24
213e9b3e,Mummoth,Merge branch 'Audio' into MergeBranch,Fri Feb 7 12:24
6ce56acb,Mummoth,Refactored Movement,Fri Feb 7 10:53
cd725123,Mummoth,Merge branch 'ControllerSupport' into RevamppedMovement,Fri Feb 7 09:42
60df6111,Mummoth,Updated Codebase,Thu Feb 6 23:10
6e739273,GluetrapGames,quick change,Thu Feb 6 18:41
649c93f3,AdamMc1105,dialogue ui changes,Thu Feb 6 17:45
535c8edd,Mummoth,Re-organised Project,Thu Feb 6 17:40
4452789a,gianhel,Added UI font and assets - Pause menu and settings art added,Thu Feb 6 16:57
c2893a6d,gianhel,Fixed bugs,Wed Feb 5 16:30
505d580f,gianhel,UI Controller Support,Wed Feb 5 16:02
16f3b538,AdamMc1105,Merge branch 'master' of https://github.com/GluetrapGames/PointClick_Game,Tue Feb 4 17:10
f7b81505,AdamMc1105,Level Scene update,Tue Feb 4 17:10
d7595915,Mummoth,Added Game Manager,Tue Feb 4 17:10
a95a9963,gianhel,Updated PauseMenu to new input system along with controller support,Tue Feb 4 17:09
b4b0b3b0,Mummoth,Added Controller-Based Grid Movement,Tue Feb 4 16:45
3f59afa7,gianhel,Multiple Changes (Desc),Tue Feb 4 15:39
0219c72a,gianhel,Merge branch 'MergeBranch',Tue Feb 4 13:51
2a914838,gianhel,Update Inventory.unity,Tue Feb 4 13:50
f0be3a34,gianhel,Merge branch 'PauseMenuBranch' into MergeBranch,Tue Feb 4 13:49
c5f57777,gianhel,Added PP toggle,Tue Feb 4 13:48
9970541f,Mummoth,Merge branch 'MergeBranch',Tue Feb 4 13:22
2ab1f6f6,Mummoth,Update DialogueTestScene.unity,Tue Feb 4 13:21
639fafe8,Mummoth,Merged Dialogue System,Tue Feb 4 13:17
6943e8d7,Mummoth,Added a Test Level,Tue Feb 4 12:56
f333b945,gianhel,Fixed timestop bug when exiting to menu from pause,Thu Jan 30 16:34
59d541a9,gianhel,Added Pause Menu + VHS and CRT post processing effects,Thu Jan 30 15:20
036fa810,Mummoth,Merge branch 'MergeBranch',Thu Jan 30 12:55
a7232dd8,Mummoth,Merged Inventory & Main Menu,Thu Jan 30 10:42
9eb4704a,Mummoth,Updated Project Settings,Wed Jan 29 15:40
addf4897,Mummoth,Updated Packages,Wed Jan 29 15:35
8c421448,Mummoth,Merged Shader&Lighting Branch,Wed Jan 29 15:33
36ba9a8e,Mummoth,Merged,Wed Jan 29 15:22
def4fc7d,Mummoth,Merge pull request #4 from GluetrapGames/revert-3-GridMovementV2,Wed Jan 29 15:17
40847c15,Mummoth,Revert "Grid movement & TTS Merge",Wed Jan 29 15:17
e3cf41bc,Mummoth,Merge pull request #3 from GluetrapGames/GridMovementV2,Wed Jan 29 15:16
0c71a5a8,Mummoth,Merge pull request #2 from GluetrapGames/revert-1-TTSIntegration,Wed Jan 29 15:12
06fde81f,Mummoth,Revert "Grid Movement and TTS Merge",Wed Jan 29 15:12
2d455469,Mummoth,Merge pull request #1 from GluetrapGames/TTSIntegration,Wed Jan 29 15:10
c85661a2,Mummoth,Fixed Missing Assets Problem,Wed Jan 29 15:03
facd0de2,Mummoth,Added TTS,Wed Jan 29 15:01
f589284a,Lewis Docherty,Basic volume sliders,Wed Jan 29 14:02
aefcbb5d,Mummoth,Removed Meta Data,Wed Jan 29 12:25
ac6cb0e8,Mummoth,Update .gitignore,Wed Jan 29 12:17
07099863,Mummoth,Added Obstacle Avoidance,Thu Jan 23 17:06
c2d8074b,Mummoth,Update PlayerMovement.cs,Wed Jan 22 12:47
46b19e0a,Mummoth,Update SampleScene.unity,Wed Jan 22 12:33
807257e3,Mummoth,Added Smooth Grid Movement,Wed Jan 22 12:31
0c1f8b80,Mummoth,Fixed  Naming,Tue Jan 21 17:08
f1c7be90,Mummoth,Added Dialogue System Plugin,Tue Jan 21 16:49
b9f81acc,Mummoth,Create ThirdParty.meta,Tue Jan 21 16:14
6e0ee7ff,Mummoth,Upgraded the Event System,Tue Jan 21 16:02
aa0e8400,Mummoth,Imported TextMesh Pro Assets,Tue Jan 21 16:01
a23f8f09,Mummoth,Added Player & Input Controls,Tue Jan 21 15:54
a25b2eae,Mummoth,Added folders,Tue Jan 21 15:11
3fab275f,Mummoth,Initial Commit,Tue Jan 21 14:54
f4375ad7,Mummoth,Initial commit,Tue Jan 21 14:51